salon,masa_no,qr_kod
A Salonu,A 001,SELCUK_LIB_349b9588_A001_9d662863
A Salonu,A 002,SELCUK_LIB_349b9588_A002_c0542589
A Salonu,A 003,SELCUK_LIB_349b9588_A003_3c6868d0
A Salonu,A 004,SELCUK_LIB_349b9588_A004_3a5c77f8
A Salonu,A 005,SELCUK_LIB_349b9588_A005_317cc4ba
A Salonu,A 006,SELCUK_LIB_349b9588_A006_d7346380
A Salonu,A 007,SELCUK_LIB_349b9588_A007_5c7adbc9
A Salonu,A 008,SELCUK_LIB_349b9588_A008_d6e25acc
A Salonu,A 009,SELCUK_LIB_349b9588_A009_d0e58801
A Salonu,A 010,SELCUK_LIB_349b9588_A010_6265a936
A Salonu,A 011,SELCUK_LIB_349b9588_A011_4dbfebaf
A Salonu,A 012,SELCUK_LIB_349b9588_A012_9acebd5b
A Salonu,A 013,SELCUK_LIB_349b9588_A013_08e62b46
A Salonu,A 014,SELCUK_LIB_349b9588_A014_4dbcf4cd
A Salonu,A 015,SELCUK_LIB_349b9588_A015_276691ee
A Salonu,A 016,SELCUK_LIB_349b9588_A016_25c8fe7d
A Salonu,A 017,SELCUK_LIB_349b9588_A017_7cc80e9b
A Salonu,A 018,SELCUK_LIB_349b9588_A018_1ec44309
A Salonu,A 019,SELCUK_LIB_349b9588_A019_af4586df
A Salonu,A 020,SELCUK_LIB_349b9588_A020_8b39e972
A Salonu,A 021,SELCUK_LIB_349b9588_A021_72332641
A Salonu,A 022,SELCUK_LIB_349b9588_A022_af8284fc
A Salonu,A 023,SELCUK_LIB_349b9588_A023_30aa165f
A Salonu,A 024,SELCUK_LIB_349b9588_A024_661bcd5a
A Salonu,A 025,SELCUK_LIB_349b9588_A025_31b27d46
A Salonu,A 026,SELCUK_LIB_349b9588_A026_1b591a78
A Salonu,A 027,SELCUK_LIB_349b9588_A027_257372e1
A Salonu,A 028,SELCUK_LIB_349b9588_A028_a248c446
A Salonu,A 029,SELCUK_LIB_349b9588_A029_64caf4ea
A Salonu,A 030,SELCUK_LIB_349b9588_A030_3d40e15e
A Salonu,A 031,SELCUK_LIB_349b9588_A031_37ad3b4c
A Salonu,A 032,SELCUK_LIB_349b9588_A032_ce80b6c6
A Salonu,A 033,SELCUK_LIB_349b9588_A033_0ebe5d9f
A Salonu,A 034,SELCUK_LIB_349b9588_A034_326998f5
A Salonu,A 035,SELCUK_LIB_349b9588_A035_a1523148
A Salonu,A 036,SELCUK_LIB_349b9588_A036_f8f8464c
A Salonu,A 037,SELCUK_LIB_349b9588_A037_f62db992
A Salonu,A 038,SELCUK_LIB_349b9588_A038_ef5fd4ce
A Salonu,A 039,SELCUK_LIB_349b9588_A039_4917ed6b
A Salonu,A 040,SELCUK_LIB_349b9588_A040_0208231d
A Salonu,A 041,SELCUK_LIB_349b9588_A041_5621e106
A Salonu,A 042,SELCUK_LIB_349b9588_A042_a6a5e629
A Salonu,A 043,SELCUK_LIB_349b9588_A043_c6c2e49c
A Salonu,A 044,SELCUK_LIB_349b9588_A044_96437d92
A Salonu,A 045,SELCUK_LIB_349b9588_A045_62b37b57
A Salonu,A 046,SELCUK_LIB_349b9588_A046_912fd11b
A Salonu,A 047,SELCUK_LIB_349b9588_A047_a2a23795
A Salonu,A 048,SELCUK_LIB_349b9588_A048_3af82926
A Salonu,A 049,SELCUK_LIB_349b9588_A049_eaa36799
A Salonu,A 050,SELCUK_LIB_349b9588_A050_785cd437
A Salonu,A 051,SELCUK_LIB_349b9588_A051_1d41f483
A Salonu,A 052,SELCUK_LIB_349b9588_A052_b07a3570
A Salonu,A 053,SELCUK_LIB_349b9588_A053_ab5e1fa3
A Salonu,A 054,SELCUK_LIB_349b9588_A054_91cb50c7
A Salonu,A 055,SELCUK_LIB_349b9588_A055_0fdbde76
A Salonu,A 056,SELCUK_LIB_349b9588_A056_0d8df66a
A Salonu,A 057,SELCUK_LIB_349b9588_A057_92e5ab5e
A Salonu,A 058,SELCUK_LIB_349b9588_A058_4fadcc50
A Salonu,A 059,SELCUK_LIB_349b9588_A059_a25de5fe
A Salonu,A 060,SELCUK_LIB_349b9588_A060_246e5c81
A Salonu,A 061,SELCUK_LIB_349b9588_A061_e90f052c
A Salonu,A 062,SELCUK_LIB_349b9588_A062_e13a4cd7
A Salonu,A 063,SELCUK_LIB_349b9588_A063_e81ef036
A Salonu,A 064,SELCUK_LIB_349b9588_A064_39de9372
A Salonu,A 065,SELCUK_LIB_349b9588_A065_ce4d3754
A Salonu,A 066,SELCUK_LIB_349b9588_A066_da840c82
A Salonu,A 067,SELCUK_LIB_349b9588_A067_52f44053
A Salonu,A 068,SELCUK_LIB_349b9588_A068_6c36c2fa
A Salonu,A 069,SELCUK_LIB_349b9588_A069_c75b73e5
A Salonu,A 070,SELCUK_LIB_349b9588_A070_dcb345bc
A Salonu,A 071,SELCUK_LIB_349b9588_A071_8d275a8a
A Salonu,A 072,SELCUK_LIB_349b9588_A072_93bdf948
A Salonu,A 073,SELCUK_LIB_349b9588_A073_2bb7b620
A Salonu,A 074,SELCUK_LIB_349b9588_A074_e59aeb09
A Salonu,A 075,SELCUK_LIB_349b9588_A075_a41ca5dc
A Salonu,A 076,SELCUK_LIB_349b9588_A076_dc5f17e6
A Salonu,A 077,SELCUK_LIB_349b9588_A077_ea7fd275
A Salonu,A 078,SELCUK_LIB_349b9588_A078_c5e562fe
A Salonu,A 079,SELCUK_LIB_349b9588_A079_eed900d2
A Salonu,A 080,SELCUK_LIB_349b9588_A080_e56e7075
A Salonu,A 081,SELCUK_LIB_349b9588_A081_495326e8
A Salonu,A 082,SELCUK_LIB_349b9588_A082_9526fe61
A Salonu,A 083,SELCUK_LIB_349b9588_A083_0ce26f1e
A Salonu,A 084,SELCUK_LIB_349b9588_A084_4291b36a
A Salonu,A 085,SELCUK_LIB_349b9588_A085_47ba138e
A Salonu,A 086,SELCUK_LIB_349b9588_A086_1779f6ae
A Salonu,A 087,SELCUK_LIB_349b9588_A087_b27534f0
A Salonu,A 088,SELCUK_LIB_349b9588_A088_64db9b42
A Salonu,A 089,SELCUK_LIB_349b9588_A089_5468b304
A Salonu,A 090,SELCUK_LIB_349b9588_A090_bc08f724
A Salonu,A 091,SELCUK_LIB_349b9588_A091_f233fadb
A Salonu,A 092,SELCUK_LIB_349b9588_A092_9da63237
A Salonu,A 093,SELCUK_LIB_349b9588_A093_0e4f7888
A Salonu,A 094,SELCUK_LIB_349b9588_A094_2e96ad89
A Salonu,A 095,SELCUK_LIB_349b9588_A095_db2bfaea
A Salonu,A 096,SELCUK_LIB_349b9588_A096_9b6d80d1
A Salonu,A 097,SELCUK_LIB_349b9588_A097_7c324a83
A Salonu,A 098,SELCUK_LIB_349b9588_A098_ed0db883
A Salonu,A 099,SELCUK_LIB_349b9588_A099_7c37c25e
A Salonu,A 100,SELCUK_LIB_349b9588_A100_31d38372
A Salonu,A 101,SELCUK_LIB_349b9588_A101_4384f95b
A Salonu,A 102,SELCUK_LIB_349b9588_A102_552e451d
A Salonu,A 103,SELCUK_LIB_349b9588_A103_772046a9
A Salonu,A 104,SELCUK_LIB_349b9588_A104_38fba420
B Salonu,B 001,SELCUK_LIB_6c052dc4_B001_dd2297fb
B Salonu,B 002,SELCUK_LIB_6c052dc4_B002_6246466b
B Salonu,B 003,SELCUK_LIB_6c052dc4_B003_686e917a
B Salonu,B 004,SELCUK_LIB_6c052dc4_B004_d9521fe5
B Salonu,B 005,SELCUK_LIB_6c052dc4_B005_4e2c34ea
B Salonu,B 006,SELCUK_LIB_6c052dc4_B006_1bfb5ac3
B Salonu,B 007,SELCUK_LIB_6c052dc4_B007_6c5f0a0c
B Salonu,B 008,SELCUK_LIB_6c052dc4_B008_54280bf3
B Salonu,B 009,SELCUK_LIB_6c052dc4_B009_a47f9b66
B Salonu,B 010,SELCUK_LIB_6c052dc4_B010_bca0a59a
B Salonu,B 011,SELCUK_LIB_6c052dc4_B011_556c7e3f
B Salonu,B 012,SELCUK_LIB_6c052dc4_B012_97640286
B Salonu,B 013,SELCUK_LIB_6c052dc4_B013_87acba39
B Salonu,B 014,SELCUK_LIB_6c052dc4_B014_64fa8874
B Salonu,B 015,SELCUK_LIB_6c052dc4_B015_5722ecac
B Salonu,B 016,SELCUK_LIB_6c052dc4_B016_651d35ea
B Salonu,B 017,SELCUK_LIB_6c052dc4_B017_02bcaf21
B Salonu,B 018,SELCUK_LIB_6c052dc4_B018_d1979372
B Salonu,B 019,SELCUK_LIB_6c052dc4_B019_b67852c4
B Salonu,B 020,SELCUK_LIB_6c052dc4_B020_604a89c5
B Salonu,B 021,SELCUK_LIB_6c052dc4_B021_3d00648a
B Salonu,B 022,SELCUK_LIB_6c052dc4_B022_2ed42e94
B Salonu,B 023,SELCUK_LIB_6c052dc4_B023_99c87424
B Salonu,B 024,SELCUK_LIB_6c052dc4_B024_604a9e23
B Salonu,B 025,SELCUK_LIB_6c052dc4_B025_b000d98d
B Salonu,B 026,SELCUK_LIB_6c052dc4_B026_36d63b78
B Salonu,B 027,SELCUK_LIB_6c052dc4_B027_bdb7d3c3
B Salonu,B 028,SELCUK_LIB_6c052dc4_B028_0acba48b
B Salonu,B 029,SELCUK_LIB_6c052dc4_B029_163e20ce
B Salonu,B 030,SELCUK_LIB_6c052dc4_B030_f0357769
B Salonu,B 031,SELCUK_LIB_6c052dc4_B031_08943007
B Salonu,B 032,SELCUK_LIB_6c052dc4_B032_2343afbe
B Salonu,B 033,SELCUK_LIB_6c052dc4_B033_925b77ca
B Salonu,B 034,SELCUK_LIB_6c052dc4_B034_efc7fcd7
B Salonu,B 035,SELCUK_LIB_6c052dc4_B035_99b20c2a
B Salonu,B 036,SELCUK_LIB_6c052dc4_B036_ef469bf3
B Salonu,B 037,SELCUK_LIB_6c052dc4_B037_172ea2c5
B Salonu,B 038,SELCUK_LIB_6c052dc4_B038_91f85fcd
B Salonu,B 039,SELCUK_LIB_6c052dc4_B039_8592a918
B Salonu,B 040,SELCUK_LIB_6c052dc4_B040_3737023a
B Salonu,B 041,SELCUK_LIB_6c052dc4_B041_83a36257
B Salonu,B 042,SELCUK_LIB_6c052dc4_B042_40cad39f
B Salonu,B 043,SELCUK_LIB_6c052dc4_B043_2251318c
B Salonu,B 044,SELCUK_LIB_6c052dc4_B044_470cff3a
B Salonu,B 045,SELCUK_LIB_6c052dc4_B045_ad754cf8
B Salonu,B 046,SELCUK_LIB_6c052dc4_B046_db2a11b8
B Salonu,B 047,SELCUK_LIB_6c052dc4_B047_d3927889
B Salonu,B 048,SELCUK_LIB_6c052dc4_B048_001e909f
B Salonu,B 049,SELCUK_LIB_6c052dc4_B049_900b45b7
B Salonu,B 050,SELCUK_LIB_6c052dc4_B050_94698e76
B Salonu,B 051,SELCUK_LIB_6c052dc4_B051_6819dbfd
B Salonu,B 052,SELCUK_LIB_6c052dc4_B052_d10f8ef4
B Salonu,B 053,SELCUK_LIB_6c052dc4_B053_59d749ec
B Salonu,B 054,SELCUK_LIB_6c052dc4_B054_5ae37945
B Salonu,B 055,SELCUK_LIB_6c052dc4_B055_733f1c75
B Salonu,B 056,SELCUK_LIB_6c052dc4_B056_8ef898e6
B Salonu,B 057,SELCUK_LIB_6c052dc4_B057_de4322a2
B Salonu,B 058,SELCUK_LIB_6c052dc4_B058_db7b8b01
B Salonu,B 059,SELCUK_LIB_6c052dc4_B059_c8806233
B Salonu,B 060,SELCUK_LIB_6c052dc4_B060_34cf5b2c
B Salonu,B 061,SELCUK_LIB_6c052dc4_B061_d4d9a9ca
B Salonu,B 062,SELCUK_LIB_6c052dc4_B062_d03af19d
B Salonu,B 063,SELCUK_LIB_6c052dc4_B063_574c5964
B Salonu,B 064,SELCUK_LIB_6c052dc4_B064_13d33c7a
B Salonu,B 065,SELCUK_LIB_6c052dc4_B065_ca00fc4d
B Salonu,B 066,SELCUK_LIB_6c052dc4_B066_1cdaf69f
B Salonu,B 067,SELCUK_LIB_6c052dc4_B067_0837f59a
B Salonu,B 068,SELCUK_LIB_6c052dc4_B068_fff139b8
B Salonu,B 069,SELCUK_LIB_6c052dc4_B069_4f95ee56
B Salonu,B 070,SELCUK_LIB_6c052dc4_B070_6b2c3525
B Salonu,B 071,SELCUK_LIB_6c052dc4_B071_e63fd467
B Salonu,B 072,SELCUK_LIB_6c052dc4_B072_ef55cbdb
B Salonu,B 073,SELCUK_LIB_6c052dc4_B073_c1947e2a
B Salonu,B 074,SELCUK_LIB_6c052dc4_B074_52462ac4
B Salonu,B 075,SELCUK_LIB_6c052dc4_B075_66a7964b
B Salonu,B 076,SELCUK_LIB_6c052dc4_B076_445a193c
B Salonu,B 077,SELCUK_LIB_6c052dc4_B077_22541d8c
B Salonu,B 078,SELCUK_LIB_6c052dc4_B078_d047f0a2
B Salonu,B 079,SELCUK_LIB_6c052dc4_B079_306ae40b
B Salonu,B 080,SELCUK_LIB_6c052dc4_B080_a5411f74
B Salonu,B 081,SELCUK_LIB_6c052dc4_B081_7d14b36e
B Salonu,B 082,SELCUK_LIB_6c052dc4_B082_cdcc17ee
B Salonu,B 083,SELCUK_LIB_6c052dc4_B083_5a9aba24
B Salonu,B 084,SELCUK_LIB_6c052dc4_B084_e59e994b
B Salonu,B 085,SELCUK_LIB_6c052dc4_B085_31756011
B Salonu,B 086,SELCUK_LIB_6c052dc4_B086_62846585
B Salonu,B 087,SELCUK_LIB_6c052dc4_B087_4dd52957
B Salonu,B 088,SELCUK_LIB_6c052dc4_B088_c0f9f9e7
B Salonu,B 089,SELCUK_LIB_6c052dc4_B089_ecec6704
B Salonu,B 090,SELCUK_LIB_6c052dc4_B090_e6c0a249
B Salonu,B 091,SELCUK_LIB_6c052dc4_B091_d010f290
B Salonu,B 092,SELCUK_LIB_6c052dc4_B092_5b6d2418
B Salonu,B 093,SELCUK_LIB_6c052dc4_B093_71507afc
B Salonu,B 094,SELCUK_LIB_6c052dc4_B094_921b6b06
B Salonu,B 095,SELCUK_LIB_6c052dc4_B095_b1bbcb0b
B Salonu,B 096,SELCUK_LIB_6c052dc4_B096_eccdabcf
B Salonu,B 097,SELCUK_LIB_6c052dc4_B097_37802101
B Salonu,B 098,SELCUK_LIB_6c052dc4_B098_52f01e0d
B Salonu,B 099,SELCUK_LIB_6c052dc4_B099_36ccd1c1
B Salonu,B 100,SELCUK_LIB_6c052dc4_B100_0a1c5be8
B Salonu,B 101,SELCUK_LIB_6c052dc4_B101_5235c8aa
B Salonu,B 102,SELCUK_LIB_6c052dc4_B102_a4a0ff5f
B Salonu,B 103,SELCUK_LIB_6c052dc4_B103_33209513
B Salonu,B 104,SELCUK_LIB_6c052dc4_B104_1978a765
B Salonu,B 105,SELCUK_LIB_6c052dc4_B105_6177731b
B Salonu,B 106,SELCUK_LIB_6c052dc4_B106_6241fb62
B Salonu,B 107,SELCUK_LIB_6c052dc4_B107_bd2e5414
B Salonu,B 108,SELCUK_LIB_6c052dc4_B108_13e6d47f
B Salonu,B 109,SELCUK_LIB_6c052dc4_B109_9adb5842
B Salonu,B 110,SELCUK_LIB_6c052dc4_B110_af0d995e
B Salonu,B 111,SELCUK_LIB_6c052dc4_B111_5eac781a
B Salonu,B 112,SELCUK_LIB_6c052dc4_B112_01cfa11f
C Salonu,C 001,SELCUK_LIB_6fc2b79a_C001_47590599
C Salonu,C 002,SELCUK_LIB_6fc2b79a_C002_3320eda1
C Salonu,C 003,SELCUK_LIB_6fc2b79a_C003_54231d3e
C Salonu,C 004,SELCUK_LIB_6fc2b79a_C004_4997cf72
C Salonu,C 005,SELCUK_LIB_6fc2b79a_C005_55758978
C Salonu,C 006,SELCUK_LIB_6fc2b79a_C006_b70f6498
C Salonu,C 007,SELCUK_LIB_6fc2b79a_C007_94f8fd0d
C Salonu,C 008,SELCUK_LIB_6fc2b79a_C008_399ec846
C Salonu,C 009,SELCUK_LIB_6fc2b79a_C009_e86cc84d
C Salonu,C 010,SELCUK_LIB_6fc2b79a_C010_b34088fa
C Salonu,C 011,SELCUK_LIB_6fc2b79a_C011_df34cdfc
C Salonu,C 012,SELCUK_LIB_6fc2b79a_C012_638d9b7e
C Salonu,C 013,SELCUK_LIB_6fc2b79a_C013_1417b6f6
C Salonu,C 014,SELCUK_LIB_6fc2b79a_C014_c990a1de
C Salonu,C 015,SELCUK_LIB_6fc2b79a_C015_831fa964
C Salonu,C 016,SELCUK_LIB_6fc2b79a_C016_a49a1a47
C Salonu,C 017,SELCUK_LIB_6fc2b79a_C017_f5da4158
C Salonu,C 018,SELCUK_LIB_6fc2b79a_C018_9da4547e
C Salonu,C 019,SELCUK_LIB_6fc2b79a_C019_99aef5aa
C Salonu,C 020,SELCUK_LIB_6fc2b79a_C020_3436de72
C Salonu,C 021,SELCUK_LIB_6fc2b79a_C021_3634b827
C Salonu,C 022,SELCUK_LIB_6fc2b79a_C022_89fec932
C Salonu,C 023,SELCUK_LIB_6fc2b79a_C023_b310701f
C Salonu,C 024,SELCUK_LIB_6fc2b79a_C024_434e9d39
C Salonu,C 025,SELCUK_LIB_6fc2b79a_C025_8c612831
C Salonu,C 026,SELCUK_LIB_6fc2b79a_C026_a98eec96
C Salonu,C 027,SELCUK_LIB_6fc2b79a_C027_aa6ac3f7
C Salonu,C 028,SELCUK_LIB_6fc2b79a_C028_8d49e171
C Salonu,C 029,SELCUK_LIB_6fc2b79a_C029_19d11d5c
C Salonu,C 030,SELCUK_LIB_6fc2b79a_C030_fd754b3e
C Salonu,C 031,SELCUK_LIB_6fc2b79a_C031_f39e503a
C Salonu,C 032,SELCUK_LIB_6fc2b79a_C032_81c7e2fb
C Salonu,C 033,SELCUK_LIB_6fc2b79a_C033_3e1f89e9
C Salonu,C 034,SELCUK_LIB_6fc2b79a_C034_014faec4
C Salonu,C 035,SELCUK_LIB_6fc2b79a_C035_a79406fa
C Salonu,C 036,SELCUK_LIB_6fc2b79a_C036_499eed07
C Salonu,C 037,SELCUK_LIB_6fc2b79a_C037_e1e5a254
C Salonu,C 038,SELCUK_LIB_6fc2b79a_C038_ad59883a
C Salonu,C 039,SELCUK_LIB_6fc2b79a_C039_a855e541
C Salonu,C 040,SELCUK_LIB_6fc2b79a_C040_612c9e26
C Salonu,C 041,SELCUK_LIB_6fc2b79a_C041_fcf3622e
C Salonu,C 042,SELCUK_LIB_6fc2b79a_C042_b8ec76a1
C Salonu,C 043,SELCUK_LIB_6fc2b79a_C043_899c129b
C Salonu,C 044,SELCUK_LIB_6fc2b79a_C044_a0cde2c0
C Salonu,C 045,SELCUK_LIB_6fc2b79a_C045_417f25d0
C Salonu,C 046,SELCUK_LIB_6fc2b79a_C046_8c1b0857
C Salonu,C 047,SELCUK_LIB_6fc2b79a_C047_2cff33e8
C Salonu,C 048,SELCUK_LIB_6fc2b79a_C048_828385ff
C Salonu,C 049,SELCUK_LIB_6fc2b79a_C049_2de06ad5
C Salonu,C 050,SELCUK_LIB_6fc2b79a_C050_aaf7cada
C Salonu,C 051,SELCUK_LIB_6fc2b79a_C051_09f38264
C Salonu,C 052,SELCUK_LIB_6fc2b79a_C052_4323a14e
C Salonu,C 053,SELCUK_LIB_6fc2b79a_C053_5a67a86b
C Salonu,C 054,SELCUK_LIB_6fc2b79a_C054_5f78f654
C Salonu,C 055,SELCUK_LIB_6fc2b79a_C055_bf615606
C Salonu,C 056,SELCUK_LIB_6fc2b79a_C056_a71e4585
C Salonu,C 057,SELCUK_LIB_6fc2b79a_C057_82a1de44
C Salonu,C 058,SELCUK_LIB_6fc2b79a_C058_5f4eb2f8
C Salonu,C 059,SELCUK_LIB_6fc2b79a_C059_c82b69f5
C Salonu,C 060,SELCUK_LIB_6fc2b79a_C060_9ad9dfc0
C Salonu,C 061,SELCUK_LIB_6fc2b79a_C061_1c496531
C Salonu,C 062,SELCUK_LIB_6fc2b79a_C062_a0c0ad9b
C Salonu,C 063,SELCUK_LIB_6fc2b79a_C063_14f989a7
C Salonu,C 064,SELCUK_LIB_6fc2b79a_C064_0c38a539
C Salonu,C 065,SELCUK_LIB_6fc2b79a_C065_02bbc192
C Salonu,C 066,SELCUK_LIB_6fc2b79a_C066_feff99e5
C Salonu,C 067,SELCUK_LIB_6fc2b79a_C067_31bdf2c1
C Salonu,C 068,SELCUK_LIB_6fc2b79a_C068_7ee62bd0
C Salonu,C 069,SELCUK_LIB_6fc2b79a_C069_cd6f494e
C Salonu,C 070,SELCUK_LIB_6fc2b79a_C070_7d6a96e2
C Salonu,C 071,SELCUK_LIB_6fc2b79a_C071_1fd45312
C Salonu,C 072,SELCUK_LIB_6fc2b79a_C072_9d11ed90
C Salonu,C 073,SELCUK_LIB_6fc2b79a_C073_70dfa910
C Salonu,C 074,SELCUK_LIB_6fc2b79a_C074_f71e31c6
C Salonu,C 075,SELCUK_LIB_6fc2b79a_C075_7fbde100
C Salonu,C 076,SELCUK_LIB_6fc2b79a_C076_7ea77727
C Salonu,C 077,SELCUK_LIB_6fc2b79a_C077_e2462928
C Salonu,C 078,SELCUK_LIB_6fc2b79a_C078_9b1694e4
C Salonu,C 079,SELCUK_LIB_6fc2b79a_C079_21840e84
C Salonu,C 080,SELCUK_LIB_6fc2b79a_C080_fb1347bd
C Salonu,C 081,SELCUK_LIB_6fc2b79a_C081_0aa23284
C Salonu,C 082,SELCUK_LIB_6fc2b79a_C082_6d57a3a5
C Salonu,C 083,SELCUK_LIB_6fc2b79a_C083_0f0d009f
C Salonu,C 084,SELCUK_LIB_6fc2b79a_C084_fd7bbb99
C Salonu,C 085,SELCUK_LIB_6fc2b79a_C085_75e80fc2
C Salonu,C 086,SELCUK_LIB_6fc2b79a_C086_839b85ed
C Salonu,C 087,SELCUK_LIB_6fc2b79a_C087_bc2641b3
C Salonu,C 088,SELCUK_LIB_6fc2b79a_C088_3a69c1e1
C Salonu,C 089,SELCUK_LIB_6fc2b79a_C089_72925782
C Salonu,C 090,SELCUK_LIB_6fc2b79a_C090_d7204956
C Salonu,C 091,SELCUK_LIB_6fc2b79a_C091_88fbbaf7
C Salonu,C 092,SELCUK_LIB_6fc2b79a_C092_f3b3b173
C Salonu,C 093,SELCUK_LIB_6fc2b79a_C093_a07bb006
C Salonu,C 094,SELCUK_LIB_6fc2b79a_C094_701d200b
C Salonu,C 095,SELCUK_LIB_6fc2b79a_C095_73ccae8f
C Salonu,C 096,SELCUK_LIB_6fc2b79a_C096_55e3d9ca
C Salonu,C 097,SELCUK_LIB_6fc2b79a_C097_8719af52
C Salonu,C 098,SELCUK_LIB_6fc2b79a_C098_aee1e1e9
C Salonu,C 099,SELCUK_LIB_6fc2b79a_C099_8f7c3547
C Salonu,C 100,SELCUK_LIB_6fc2b79a_C100_08b18980
C Salonu,C 101,SELCUK_LIB_6fc2b79a_C101_fd4f9779
C Salonu,C 102,SELCUK_LIB_6fc2b79a_C102_20d946db
C Salonu,C 103,SELCUK_LIB_6fc2b79a_C103_08586385
C Salonu,C 104,SELCUK_LIB_6fc2b79a_C104_cbc8db78
D Salonu,D 001,SELCUK_LIB_96566c36_D001_cb3f7fd9
D Salonu,D 002,SELCUK_LIB_96566c36_D002_864e64cc
D Salonu,D 003,SELCUK_LIB_96566c36_D003_036a2818
D Salonu,D 004,SELCUK_LIB_96566c36_D004_3f421f40
D Salonu,D 005,SELCUK_LIB_96566c36_D005_25edd73c
D Salonu,D 006,SELCUK_LIB_96566c36_D006_ae308a04
D Salonu,D 007,SELCUK_LIB_96566c36_D007_ed3bca89
D Salonu,D 008,SELCUK_LIB_96566c36_D008_78555116
D Salonu,D 009,SELCUK_LIB_96566c36_D009_eb5bd2fc
D Salonu,D 010,SELCUK_LIB_96566c36_D010_b3229539
D Salonu,D 011,SELCUK_LIB_96566c36_D011_7c60d2b0
D Salonu,D 012,SELCUK_LIB_96566c36_D012_4e5d93dd
D Salonu,D 013,SELCUK_LIB_96566c36_D013_b64c3a00
D Salonu,D 014,SELCUK_LIB_96566c36_D014_5342fe12
D Salonu,D 015,SELCUK_LIB_96566c36_D015_b78ab937
D Salonu,D 016,SELCUK_LIB_96566c36_D016_4bce52f0
D Salonu,D 017,SELCUK_LIB_96566c36_D017_06fefec8
D Salonu,D 018,SELCUK_LIB_96566c36_D018_a61f6f12
D Salonu,D 019,SELCUK_LIB_96566c36_D019_c7d6e981
D Salonu,D 020,SELCUK_LIB_96566c36_D020_04692533
D Salonu,D 021,SELCUK_LIB_96566c36_D021_d7f6e5ba
D Salonu,D 022,SELCUK_LIB_96566c36_D022_a8d2f70d
D Salonu,D 023,SELCUK_LIB_96566c36_D023_91c9ffe9
D Salonu,D 024,SELCUK_LIB_96566c36_D024_3802a432
D Salonu,D 025,SELCUK_LIB_96566c36_D025_b516b6c2
D Salonu,D 026,SELCUK_LIB_96566c36_D026_354a8038
D Salonu,D 027,SELCUK_LIB_96566c36_D027_2c11be0a
D Salonu,D 028,SELCUK_LIB_96566c36_D028_b807e454
D Salonu,D 029,SELCUK_LIB_96566c36_D029_09b85441
D Salonu,D 030,SELCUK_LIB_96566c36_D030_2829164e
D Salonu,D 031,SELCUK_LIB_96566c36_D031_c16e5813
D Salonu,D 032,SELCUK_LIB_96566c36_D032_0077a6a2
D Salonu,D 033,SELCUK_LIB_96566c36_D033_6d844b24
D Salonu,D 034,SELCUK_LIB_96566c36_D034_5fb76816
D Salonu,D 035,SELCUK_LIB_96566c36_D035_04faa16c
D Salonu,D 036,SELCUK_LIB_96566c36_D036_a6c810f2
D Salonu,D 037,SELCUK_LIB_96566c36_D037_bf1e2736
D Salonu,D 038,SELCUK_LIB_96566c36_D038_3e81b6be
D Salonu,D 039,SELCUK_LIB_96566c36_D039_8921f6c9
D Salonu,D 040,SELCUK_LIB_96566c36_D040_d3133712
D Salonu,D 041,SELCUK_LIB_96566c36_D041_942d1203
D Salonu,D 042,SELCUK_LIB_96566c36_D042_dbf862b5
D Salonu,D 043,SELCUK_LIB_96566c36_D043_68eeedbc
D Salonu,D 044,SELCUK_LIB_96566c36_D044_5bfb99ed
D Salonu,D 045,SELCUK_LIB_96566c36_D045_5b6c0cf9
D Salonu,D 046,SELCUK_LIB_96566c36_D046_d570e24e
D Salonu,D 047,SELCUK_LIB_96566c36_D047_879c92f0
D Salonu,D 048,SELCUK_LIB_96566c36_D048_4739e62a
D Salonu,D 049,SELCUK_LIB_96566c36_D049_74cca369
D Salonu,D 050,SELCUK_LIB_96566c36_D050_44baa444
D Salonu,D 051,SELCUK_LIB_96566c36_D051_09ed4b73
D Salonu,D 052,SELCUK_LIB_96566c36_D052_ae2ec729
D Salonu,D 053,SELCUK_LIB_96566c36_D053_4cacfc77
D Salonu,D 054,SELCUK_LIB_96566c36_D054_4084d612
D Salonu,D 055,SELCUK_LIB_96566c36_D055_cb12fb82
D Salonu,D 056,SELCUK_LIB_96566c36_D056_b8e564ff
D Salonu,D 057,SELCUK_LIB_96566c36_D057_4e6e1188
D Salonu,D 058,SELCUK_LIB_96566c36_D058_fd3f626b
D Salonu,D 059,SELCUK_LIB_96566c36_D059_9e84adfe
D Salonu,D 060,SELCUK_LIB_96566c36_D060_7224aff0
D Salonu,D 061,SELCUK_LIB_96566c36_D061_8963bec9
D Salonu,D 062,SELCUK_LIB_96566c36_D062_7ee07c32
D Salonu,D 063,SELCUK_LIB_96566c36_D063_a9fbb424
D Salonu,D 064,SELCUK_LIB_96566c36_D064_173a4f27
D Salonu,D 065,SELCUK_LIB_96566c36_D065_e7e600b8
D Salonu,D 066,SELCUK_LIB_96566c36_D066_65ef3eda
D Salonu,D 067,SELCUK_LIB_96566c36_D067_dda92220
D Salonu,D 068,SELCUK_LIB_96566c36_D068_8e90d24c
D Salonu,D 069,SELCUK_LIB_96566c36_D069_50beffd2
D Salonu,D 070,SELCUK_LIB_96566c36_D070_04238bf5
D Salonu,D 071,SELCUK_LIB_96566c36_D071_17aa66c6
D Salonu,D 072,SELCUK_LIB_96566c36_D072_d60dd4ab
D Salonu,D 073,SELCUK_LIB_96566c36_D073_2156b5dc
D Salonu,D 074,SELCUK_LIB_96566c36_D074_6a1b9fc2
D Salonu,D 075,SELCUK_LIB_96566c36_D075_916d161c
D Salonu,D 076,SELCUK_LIB_96566c36_D076_702d421b
D Salonu,D 077,SELCUK_LIB_96566c36_D077_241c3ff1
D Salonu,D 078,SELCUK_LIB_96566c36_D078_a2dc30d7
D Salonu,D 079,SELCUK_LIB_96566c36_D079_be767bf3
D Salonu,D 080,SELCUK_LIB_96566c36_D080_0ab35fa0
D Salonu,D 081,SELCUK_LIB_96566c36_D081_b781273c
D Salonu,D 082,SELCUK_LIB_96566c36_D082_743a199d
D Salonu,D 083,SELCUK_LIB_96566c36_D083_74813063
D Salonu,D 084,SELCUK_LIB_96566c36_D084_858f293a
D Salonu,D 085,SELCUK_LIB_96566c36_D085_9472968a
D Salonu,D 086,SELCUK_LIB_96566c36_D086_7311db4d
D Salonu,D 087,SELCUK_LIB_96566c36_D087_69cf178b
D Salonu,D 088,SELCUK_LIB_96566c36_D088_33c0c688
D Salonu,D 089,SELCUK_LIB_96566c36_D089_4b4717ab
D Salonu,D 090,SELCUK_LIB_96566c36_D090_807cf84a
D Salonu,D 091,SELCUK_LIB_96566c36_D091_84d34e4c
D Salonu,D 092,SELCUK_LIB_96566c36_D092_99246fcf
D Salonu,D 093,SELCUK_LIB_96566c36_D093_3460b90b
D Salonu,D 094,SELCUK_LIB_96566c36_D094_20c36778
D Salonu,D 095,SELCUK_LIB_96566c36_D095_d76f8034
D Salonu,D 096,SELCUK_LIB_96566c36_D096_0b725053
D Salonu,D 097,SELCUK_LIB_96566c36_D097_e9947a9e
D Salonu,D 098,SELCUK_LIB_96566c36_D098_c0745210
D Salonu,D 099,SELCUK_LIB_96566c36_D099_0966fbb7
D Salonu,D 100,SELCUK_LIB_96566c36_D100_921e8d80
E Salonu,E 001,SELCUK_LIB_2793fff6_E001_d5b40c6d
E Salonu,E 002,SELCUK_LIB_2793fff6_E002_2e4862d4
E Salonu,E 003,SELCUK_LIB_2793fff6_E003_624475bd
E Salonu,E 004,SELCUK_LIB_2793fff6_E004_694933d8
E Salonu,E 005,SELCUK_LIB_2793fff6_E005_f63c12db
E Salonu,E 006,SELCUK_LIB_2793fff6_E006_3436f32d
E Salonu,E 007,SELCUK_LIB_2793fff6_E007_5fae8b70
E Salonu,E 008,SELCUK_LIB_2793fff6_E008_9d5e4abb
E Salonu,E 009,SELCUK_LIB_2793fff6_E009_731d536c
E Salonu,E 010,SELCUK_LIB_2793fff6_E010_2729832d
E Salonu,E 011,SELCUK_LIB_2793fff6_E011_ad09db73
E Salonu,E 012,SELCUK_LIB_2793fff6_E012_c17bc30f
E Salonu,E 013,SELCUK_LIB_2793fff6_E013_4a431ad6
E Salonu,E 014,SELCUK_LIB_2793fff6_E014_a41d1c25
E Salonu,E 015,SELCUK_LIB_2793fff6_E015_f055eba5
E Salonu,E 016,SELCUK_LIB_2793fff6_E016_9abea5b0
E Salonu,E 017,SELCUK_LIB_2793fff6_E017_f243a6f2
E Salonu,E 018,SELCUK_LIB_2793fff6_E018_9982d4f7
E Salonu,E 019,SELCUK_LIB_2793fff6_E019_0b4757fa
E Salonu,E 020,SELCUK_LIB_2793fff6_E020_83db18d9
E Salonu,E 021,SELCUK_LIB_2793fff6_E021_f0ba9e41
E Salonu,E 022,SELCUK_LIB_2793fff6_E022_48c7a0a8
E Salonu,E 023,SELCUK_LIB_2793fff6_E023_7bcb7557
E Salonu,E 024,SELCUK_LIB_2793fff6_E024_4589d830
E Salonu,E 025,SELCUK_LIB_2793fff6_E025_39695472
E Salonu,E 026,SELCUK_LIB_2793fff6_E026_b05aa4f4
E Salonu,E 027,SELCUK_LIB_2793fff6_E027_a1637416
E Salonu,E 028,SELCUK_LIB_2793fff6_E028_a9ce056e
E Salonu,E 029,SELCUK_LIB_2793fff6_E029_e46a4346
E Salonu,E 030,SELCUK_LIB_2793fff6_E030_3b577c84
E Salonu,E 031,SELCUK_LIB_2793fff6_E031_1e437f1d
E Salonu,E 032,SELCUK_LIB_2793fff6_E032_997e9186
E Salonu,E 033,SELCUK_LIB_2793fff6_E033_48c0c4cc
E Salonu,E 034,SELCUK_LIB_2793fff6_E034_c6e782f1
E Salonu,E 035,SELCUK_LIB_2793fff6_E035_89082049
E Salonu,E 036,SELCUK_LIB_2793fff6_E036_0d6963d8
E Salonu,E 037,SELCUK_LIB_2793fff6_E037_46ed168d
E Salonu,E 038,SELCUK_LIB_2793fff6_E038_db39b24a
E Salonu,E 039,SELCUK_LIB_2793fff6_E039_5f4e23b7
E Salonu,E 040,SELCUK_LIB_2793fff6_E040_6da8af0e
E Salonu,E 041,SELCUK_LIB_2793fff6_E041_6d70dd45
E Salonu,E 042,SELCUK_LIB_2793fff6_E042_a5bc769f
E Salonu,E 043,SELCUK_LIB_2793fff6_E043_ded01ab0
E Salonu,E 044,SELCUK_LIB_2793fff6_E044_d810fb2d
E Salonu,E 045,SELCUK_LIB_2793fff6_E045_02df7d9e
E Salonu,E 046,SELCUK_LIB_2793fff6_E046_270e1463
E Salonu,E 047,SELCUK_LIB_2793fff6_E047_b50aa297
E Salonu,E 048,SELCUK_LIB_2793fff6_E048_46164b10
E Salonu,E 049,SELCUK_LIB_2793fff6_E049_cf809296
E Salonu,E 050,SELCUK_LIB_2793fff6_E050_080adab0
E Salonu,E 051,SELCUK_LIB_2793fff6_E051_80affc24
E Salonu,E 052,SELCUK_LIB_2793fff6_E052_b943c33f
E Salonu,E 053,SELCUK_LIB_2793fff6_E053_d6a25429
E Salonu,E 054,SELCUK_LIB_2793fff6_E054_0f8b2a83
E Salonu,E 055,SELCUK_LIB_2793fff6_E055_ddd1c886
E Salonu,E 056,SELCUK_LIB_2793fff6_E056_f9702393
E Salonu,E 057,SELCUK_LIB_2793fff6_E057_78a66485
E Salonu,E 058,SELCUK_LIB_2793fff6_E058_86e3cb19
E Salonu,E 059,SELCUK_LIB_2793fff6_E059_bf1c1f1a
E Salonu,E 060,SELCUK_LIB_2793fff6_E060_4c2e9b1a
E Salonu,E 061,SELCUK_LIB_2793fff6_E061_67465b74
E Salonu,E 062,SELCUK_LIB_2793fff6_E062_919e0330
E Salonu,E 063,SELCUK_LIB_2793fff6_E063_1bc70b1f
E Salonu,E 064,SELCUK_LIB_2793fff6_E064_a11e656a
E Salonu,E 065,SELCUK_LIB_2793fff6_E065_832c54bf
E Salonu,E 066,SELCUK_LIB_2793fff6_E066_eceacf0a
E Salonu,E 067,SELCUK_LIB_2793fff6_E067_639310b0
E Salonu,E 068,SELCUK_LIB_2793fff6_E068_97b5d39a
E Salonu,E 069,SELCUK_LIB_2793fff6_E069_ebd17d76
E Salonu,E 070,SELCUK_LIB_2793fff6_E070_737c9d8d
E Salonu,E 071,SELCUK_LIB_2793fff6_E071_23803975
E Salonu,E 072,SELCUK_LIB_2793fff6_E072_0d580605
E Salonu,E 073,SELCUK_LIB_2793fff6_E073_1e4e3096
E Salonu,E 074,SELCUK_LIB_2793fff6_E074_b173a380
E Salonu,E 075,SELCUK_LIB_2793fff6_E075_d0db66de
E Salonu,E 076,SELCUK_LIB_2793fff6_E076_9455a275
E Salonu,E 077,SELCUK_LIB_2793fff6_E077_1e7c7d26
E Salonu,E 078,SELCUK_LIB_2793fff6_E078_e679b67e
E Salonu,E 079,SELCUK_LIB_2793fff6_E079_8df08fb1
E Salonu,E 080,SELCUK_LIB_2793fff6_E080_c76d6fc1
E Salonu,E 081,SELCUK_LIB_2793fff6_E081_a68c0146
E Salonu,E 082,SELCUK_LIB_2793fff6_E082_f38678c6
E Salonu,E 083,SELCUK_LIB_2793fff6_E083_e2fd2858
E Salonu,E 084,SELCUK_LIB_2793fff6_E084_36a7b293
E Salonu,E 085,SELCUK_LIB_2793fff6_E085_77b7c0aa
E Salonu,E 086,SELCUK_LIB_2793fff6_E086_2d830cc2
E Salonu,E 087,SELCUK_LIB_2793fff6_E087_5a53a162
E Salonu,E 088,SELCUK_LIB_2793fff6_E088_2d9dbe09
E Salonu,E 089,SELCUK_LIB_2793fff6_E089_369aee47
E Salonu,E 090,SELCUK_LIB_2793fff6_E090_929490a7
E Salonu,E 091,SELCUK_LIB_2793fff6_E091_a97e357f
E Salonu,E 092,SELCUK_LIB_2793fff6_E092_379a4be2
E Salonu,E 093,SELCUK_LIB_2793fff6_E093_80238242
E Salonu,E 094,SELCUK_LIB_2793fff6_E094_e9f5442f
E Salonu,E 095,SELCUK_LIB_2793fff6_E095_467e7917
E Salonu,E 096,SELCUK_LIB_2793fff6_E096_19fb4bd9
E Salonu,E 097,SELCUK_LIB_2793fff6_E097_87723531
E Salonu,E 098,SELCUK_LIB_2793fff6_E098_e11716ef
E Salonu,E 099,SELCUK_LIB_2793fff6_E099_24093859
E Salonu,E 100,SELCUK_LIB_2793fff6_E100_b507341e
F Salonu,F 001,SELCUK_LIB_d8889abb_F001_6c56ef51
F Salonu,F 002,SELCUK_LIB_d8889abb_F002_07dbb05f
F Salonu,F 003,SELCUK_LIB_d8889abb_F003_44f413ff
F Salonu,F 004,SELCUK_LIB_d8889abb_F004_cd5578f5
F Salonu,F 005,SELCUK_LIB_d8889abb_F005_23da48db
F Salonu,F 006,SELCUK_LIB_d8889abb_F006_5a90833a
F Salonu,F 007,SELCUK_LIB_d8889abb_F007_d3e99b94
F Salonu,F 008,SELCUK_LIB_d8889abb_F008_d3f9427a
F Salonu,F 009,SELCUK_LIB_d8889abb_F009_32efbbe0
F Salonu,F 010,SELCUK_LIB_d8889abb_F010_4f7af446
F Salonu,F 011,SELCUK_LIB_d8889abb_F011_02b6ac3e
F Salonu,F 012,SELCUK_LIB_d8889abb_F012_6d11c0da
F Salonu,F 013,SELCUK_LIB_d8889abb_F013_87383766
F Salonu,F 014,SELCUK_LIB_d8889abb_F014_66d9b494
F Salonu,F 015,SELCUK_LIB_d8889abb_F015_a775d3ad
F Salonu,F 016,SELCUK_LIB_d8889abb_F016_dfdfc2fc
F Salonu,F 017,SELCUK_LIB_d8889abb_F017_5fd98226
F Salonu,F 018,SELCUK_LIB_d8889abb_F018_c9d145e9
F Salonu,F 019,SELCUK_LIB_d8889abb_F019_7a963c17
F Salonu,F 020,SELCUK_LIB_d8889abb_F020_c7906175
F Salonu,F 021,SELCUK_LIB_d8889abb_F021_23ab00e0
F Salonu,F 022,SELCUK_LIB_d8889abb_F022_ca38f6cc
F Salonu,F 023,SELCUK_LIB_d8889abb_F023_93bfd2ca
F Salonu,F 024,SELCUK_LIB_d8889abb_F024_341d16dc
F Salonu,F 025,SELCUK_LIB_d8889abb_F025_c2748f5b
F Salonu,F 026,SELCUK_LIB_d8889abb_F026_759d80a4
F Salonu,F 027,SELCUK_LIB_d8889abb_F027_5a0d503d
F Salonu,F 028,SELCUK_LIB_d8889abb_F028_d48bdbb3
F Salonu,F 029,SELCUK_LIB_d8889abb_F029_bc72e686
F Salonu,F 030,SELCUK_LIB_d8889abb_F030_d509f0f3
F Salonu,F 031,SELCUK_LIB_d8889abb_F031_731650d6
F Salonu,F 032,SELCUK_LIB_d8889abb_F032_340e3c94
F Salonu,F 033,SELCUK_LIB_d8889abb_F033_bcad794e
F Salonu,F 034,SELCUK_LIB_d8889abb_F034_cee5b451
F Salonu,F 035,SELCUK_LIB_d8889abb_F035_deaa2695
F Salonu,F 036,SELCUK_LIB_d8889abb_F036_ae8e29c4
F Salonu,F 037,SELCUK_LIB_d8889abb_F037_7039a35c
F Salonu,F 038,SELCUK_LIB_d8889abb_F038_dc0a2ffb
F Salonu,F 039,SELCUK_LIB_d8889abb_F039_74d7c222
F Salonu,F 040,SELCUK_LIB_d8889abb_F040_6efa049f
F Salonu,F 041,SELCUK_LIB_d8889abb_F041_b79c8a38
F Salonu,F 042,SELCUK_LIB_d8889abb_F042_d201912c
F Salonu,F 043,SELCUK_LIB_d8889abb_F043_b0c618eb
F Salonu,F 044,SELCUK_LIB_d8889abb_F044_487fef25
F Salonu,F 045,SELCUK_LIB_d8889abb_F045_101b5841
F Salonu,F 046,SELCUK_LIB_d8889abb_F046_c2290a27
F Salonu,F 047,SELCUK_LIB_d8889abb_F047_b49fa207
F Salonu,F 048,SELCUK_LIB_d8889abb_F048_3f23e9d3
F Salonu,F 049,SELCUK_LIB_d8889abb_F049_a7c9d598
F Salonu,F 050,SELCUK_LIB_d8889abb_F050_d4fb1960
F Salonu,F 051,SELCUK_LIB_d8889abb_F051_537fe2f6
F Salonu,F 052,SELCUK_LIB_d8889abb_F052_ab526883
F Salonu,F 053,SELCUK_LIB_d8889abb_F053_5b6b2ac3
F Salonu,F 054,SELCUK_LIB_d8889abb_F054_abfa7f46
F Salonu,F 055,SELCUK_LIB_d8889abb_F055_d0e20ded
F Salonu,F 056,SELCUK_LIB_d8889abb_F056_99ff19ad
F Salonu,F 057,SELCUK_LIB_d8889abb_F057_b1d58374
F Salonu,F 058,SELCUK_LIB_d8889abb_F058_4da08f83
F Salonu,F 059,SELCUK_LIB_d8889abb_F059_1b41222c
F Salonu,F 060,SELCUK_LIB_d8889abb_F060_b9d5b4d6
F Salonu,F 061,SELCUK_LIB_d8889abb_F061_4dfee0b0
F Salonu,F 062,SELCUK_LIB_d8889abb_F062_a4d67c2b
F Salonu,F 063,SELCUK_LIB_d8889abb_F063_a87a8b3b
F Salonu,F 064,SELCUK_LIB_d8889abb_F064_57fc30ca
F Salonu,F 065,SELCUK_LIB_d8889abb_F065_da02af4b
F Salonu,F 066,SELCUK_LIB_d8889abb_F066_0c579018
F Salonu,F 067,SELCUK_LIB_d8889abb_F067_d5dc2136
F Salonu,F 068,SELCUK_LIB_d8889abb_F068_9d664e1b
F Salonu,F 069,SELCUK_LIB_d8889abb_F069_2371c6c8
F Salonu,F 070,SELCUK_LIB_d8889abb_F070_9bc48daf
F Salonu,F 071,SELCUK_LIB_d8889abb_F071_586361a6
F Salonu,F 072,SELCUK_LIB_d8889abb_F072_e4335d37
F Salonu,F 073,SELCUK_LIB_d8889abb_F073_39e9789f
F Salonu,F 074,SELCUK_LIB_d8889abb_F074_896f6ba1
F Salonu,F 075,SELCUK_LIB_d8889abb_F075_52b6377c
F Salonu,F 076,SELCUK_LIB_d8889abb_F076_c0100bc5
F Salonu,F 077,SELCUK_LIB_d8889abb_F077_75304fa0
F Salonu,F 078,SELCUK_LIB_d8889abb_F078_5877d26f
F Salonu,F 079,SELCUK_LIB_d8889abb_F079_eb4b85ef
F Salonu,F 080,SELCUK_LIB_d8889abb_F080_5a917d7d
F Salonu,F 081,SELCUK_LIB_d8889abb_F081_7f4885fa
F Salonu,F 082,SELCUK_LIB_d8889abb_F082_f055a340
F Salonu,F 083,SELCUK_LIB_d8889abb_F083_2dcc210e
F Salonu,F 084,SELCUK_LIB_d8889abb_F084_a3a47f2c
F Salonu,F 085,SELCUK_LIB_d8889abb_F085_819ee01e
F Salonu,F 086,SELCUK_LIB_d8889abb_F086_444c3cc5
F Salonu,F 087,SELCUK_LIB_d8889abb_F087_70afdef2
F Salonu,F 088,SELCUK_LIB_d8889abb_F088_973f7869
F Salonu,F 089,SELCUK_LIB_d8889abb_F089_d4776b3f
F Salonu,F 090,SELCUK_LIB_d8889abb_F090_a49ce9c7
F Salonu,F 091,SELCUK_LIB_d8889abb_F091_7a56aa72
F Salonu,F 092,SELCUK_LIB_d8889abb_F092_f4c3631a
F Salonu,F 093,SELCUK_LIB_d8889abb_F093_64905f98
F Salonu,F 094,SELCUK_LIB_d8889abb_F094_592ff107
F Salonu,F 095,SELCUK_LIB_d8889abb_F095_db61e46f
F Salonu,F 096,SELCUK_LIB_d8889abb_F096_87eb69ae
F Salonu,F 097,SELCUK_LIB_d8889abb_F097_45061666
F Salonu,F 098,SELCUK_LIB_d8889abb_F098_61cd50f5
F Salonu,F 099,SELCUK_LIB_d8889abb_F099_e7a1b67f
F Salonu,F 100,SELCUK_LIB_d8889abb_F100_2117f568
F Salonu,F 101,SELCUK_LIB_d8889abb_F101_30592ad1
F Salonu,F 102,SELCUK_LIB_d8889abb_F102_05aac3e8
F Salonu,F 103,SELCUK_LIB_d8889abb_F103_f42ede05
F Salonu,F 104,SELCUK_LIB_d8889abb_F104_3b3551a5
